基隆市仁愛區,20
基隆市中正區,20
基隆市信義區,20
基隆市中山區,20
基隆市安樂區,20
基隆市七堵區,20
基隆市暖暖區,20
台北市中山區,20
台北市大安區,20
台北市松山區,20
台北市中正區,20
台北市信義區,20
台北市大同區,20
台北市萬華區,20
台北市士林區,20
台北市北投區,20
台北市內湖區,20
台北市南港區,20
台北市文山區,20
新北市新莊區,20
新北市中和區,20
新北市樹林區,20
新北市永和區,20
新北市五股區,20
新北市蘆洲區,20
新北市三峽區,20
新北市板橋區,20
新北市土城區,20
新北市鶯歌區,20
新北市三重區,20
新北市五股區,20
新北市泰山區,20
新北市林口區,20
新北市八里區,20
新北市淡水區,20
新北市三芝區,20
新北市石門區,20
新北市金山區,20
新北市萬里區,20
新北市汐止區,20
新北市瑞芳區,20
新北市貢寮區,20
新北市平溪區,20
新北市雙溪區,20
新北市新店區,20
新北市深坑區,20
新北市坪林區,20
新北市石碇區,20
新北市烏來區,20
桃園市中壢區,20
桃園市楊梅區,20
桃園市平鎮區,20
桃園市龜山區,20
桃園市桃園區,20
桃園市龍潭區,20
桃園市大溪區,20
桃園市蘆竹區,20
桃園市八德區,20
桃園市大園區,20
桃園市新屋區,20
桃園市觀音區,20
桃園市復興區,20
新竹市東區,20
新竹市香山區,20
新竹市北區,20
新竹縣竹東鎮,20
新竹縣竹北市,20
新竹縣寶山鄉,20
新竹縣新埔鎮,20
新竹縣湖口鄉,20
新竹縣橫山鄉,20
新竹縣芎林鄉,20
新竹縣新豐鄉,20
新竹縣關西鎮,20
新竹縣北埔鄉,20
新竹縣尖石鄉,20
新竹縣峨眉鄉,20
新竹縣五峰鄉,20
苗栗縣卓蘭鎮,20
苗栗縣通霄鎮,20
苗栗縣苗栗市,20
苗栗縣苑裡鎮,20
苗栗縣竹南鎮,20
苗栗縣三義鄉,20
苗栗縣後龍鎮,20
苗栗縣大湖鄉,20
苗栗縣頭份市,20
苗栗縣銅鑼鄉,20
苗栗縣公館鄉,20
苗栗縣泰安鄉,20
苗栗縣西湖鄉,20
苗栗縣造橋鄉,20
苗栗縣頭屋鄉,20
苗栗縣獅潭鄉,20
苗栗縣南庄鄉,20
苗栗縣三灣鄉,20
台中市豐原區,20
台中市大里區,20
台中市太平區,20
台中市東勢區,20
台中市新社區,20
台中市神岡區,20
台中市石岡區,20
台中市霧峰區,20
台中市和平區,20
台中市大肚區,20
台中市大安區,20
台中市大甲區,20
台中市大雅區,20
台中市沙鹿區,20
台中市龍井區,20
台中市梧棲區,20
台中市清水區,20
台中市后里區,20
台中市外埔區,20
台中市烏日區,20
台中市潭子區,20
台中市中區,20
台中市東區,20
台中市西區,20
台中市南區,20
台中市北區,20
台中市西屯區,20
台中市南屯區,20
台中市北屯區,50
南投縣南投市,50
南投縣埔里鎮,50
南投縣草屯鎮,50
南投縣竹山鎮,50
南投縣集集鎮,50
南投縣名間鄉,50
南投縣鹿谷鄉,50
南投縣中寮鄉,50
南投縣魚池鄉,50
南投縣國姓鄉,50
南投縣水里鄉,50
南投縣信義鄉,50
南投縣仁愛鄉,50
彰化縣彰化市,50
彰化縣鹿港鎮,50
彰化縣員林市,50
彰化縣伸港鄉,50
彰化縣和美鎮,50
彰化縣線西鄉,50
彰化縣田中鎮,50
彰化縣花壇鄉,50
彰化縣福興鄉,50
彰化縣芳苑鄉,50
彰化縣大村鄉,50
彰化縣社頭鄉,50
彰化縣芬園鄉,50
彰化縣永靖鄉,50
彰化縣秀水鄉,50
彰化縣二水鄉,50
彰化縣埔心鄉,50
彰化縣北斗鎮,50
彰化縣埔鹽鄉,50
彰化縣溪湖鎮,50
彰化縣溪州鄉,50
彰化縣二林鎮,50
彰化縣田尾鄉,50
彰化縣埤頭鄉,50
彰化縣竹塘鄉,50
彰化縣大城鄉,50
雲林縣斗六市,50
雲林縣虎尾鎮,50
雲林縣林內鄉,50
雲林縣古坑鄉,50
雲林縣斗南鎮,50
雲林縣莿桐鄉,50
雲林縣西螺鎮,50
雲林縣北港鎮,50
雲林縣水林鄉,50
雲林縣麥寮鄉,50
雲林縣土庫鎮,50
雲林縣大埤鄉,50
雲林縣崙背鄉,50
雲林縣二崙鄉,50
雲林縣元長鄉,50
雲林縣四湖鄉,50
雲林縣台西鄉,50
雲林縣口湖鄉,50
雲林縣東勢鄉,50
雲林縣褒忠鄉,50
嘉義市東區,50
嘉義市西區,50
嘉義縣民雄鄉,50
嘉義縣大林鎮,50
嘉義縣新港鄉,50
嘉義縣竹崎鄉,50
嘉義縣梅山鄉,50
嘉義縣太保市,50
嘉義縣水上鄉,50
嘉義縣中埔鄉,50
嘉義縣布袋鎮,50
嘉義縣番路鄉,50
嘉義縣朴子市,50
嘉義縣里山鄉,50
嘉義縣溪口鄉,50
嘉義縣鹿草鄉,50
嘉義縣六腳鄉,50
嘉義縣東石鄉,50
嘉義縣大埔鄉,50
嘉義縣義竹鄉,50
嘉義縣阿里山鄉,50
台南市新營區,50
台南市後壁區,50
台南市鹽水區,50
台南市白河區,50
台南市柳營區,50
台南市官田區,50
台南市學甲區,50
台南市將軍區,50
台南市東山區,50
台南市善化區,50
台南市北門區,50
台南市麻豆區,50
台南市六甲區,50
台南市佳里區,50
台南市下營區,50
台南市七股區,50
台南市中西區,50
台南市東區,50
台南市南區,50
台南市北區,50
台南市安平區,50
台南市安南區,50
台南市大內區,50
台南市西港區,50
台南市新市區,50
台南市安定區,50
台南市山上區,50
台南市玉井區,50
台南市楠西區,50
台南市南化區,50
台南市左鎮區,50
台南市仁德區,50
台南市歸仁區,50
台南市關廟區,50
台南市龍崎區,50
台南市永康區,50
台南市新化區,50
高雄市鹽埕區,50
高雄市鼓山區,50
高雄市左營區,50
高雄市三民區,50
高雄市新興區,50
高雄市前金區,50
高雄市苓雅區,50
高雄市前鎮區,50
高雄市旗津區,50
高雄市小港區,50
高雄市鳳山區,50
高雄市楠梓區,50
高雄市林園區,50
高雄市大寮區,50
高雄市大樹區,50
高雄市大社區,50
高雄市仁武區,50
高雄市鳥松區,50
高雄市岡山區,50
高雄市橋頭區,50
高雄市燕巢區,50
高雄市田寮區,50
高雄市阿蓮區,50
高雄市路竹區,50
高雄市湖內區,50
高雄市茄萣區,50
高雄市永安區,50
高雄市彌陀區,50
高雄市梓官區,50
高雄市旗山區,50
高雄市美濃區,50
高雄市六龜區,50
高雄市甲仙區,50
高雄市杉林區,50
高雄市內門區,50
高雄市茂林區,50
高雄市桃源區,50
高雄市那瑪夏區,50
宜蘭縣宜蘭市,50
宜蘭縣羅東鎮,50
宜蘭縣蘇澳鎮,50
宜蘭縣頭城鎮,50
宜蘭縣礁溪鄉,50
宜蘭縣壯圍鄉,50
宜蘭縣員山鄉,50
宜蘭縣冬山鄉,50
宜蘭縣五結鄉,50
宜蘭縣三星鄉,50
宜蘭縣大同鄉,50
宜蘭縣南澳鄉,50
花蓮縣花蓮市,50
花蓮縣秀林鄉,50
花蓮縣吉安鄉,50
花蓮縣玉里鎮,50
花蓮縣鳳林鎮,50
花蓮縣光復鄉,50
花蓮縣卓溪鄉,50
花蓮縣瑞穗鄉,50
花蓮縣萬榮鄉,50
花蓮縣富里鄉,50
花蓮縣新城鄉,50
花蓮縣壽豐鄉,50
花蓮縣豐濱鄉,50
台東縣台東市,50
台東縣長濱鄉,50
台東縣成功鎮,50
台東縣關山鎮,50
台東縣卑南鄉,50
台東縣大武鄉,50
台東縣太麻里鄉,50
台東縣東河鄉,50
台東縣鹿野鄉,50
台東縣池上鄉,50
台東縣綠島鄉,50
台東縣延平鄉,50
台東縣海端鄉,50
台東縣達仁鄉,50
台東縣金峰鄉,50
台東縣蘭嶼鄉,50
屏東縣屏東市,50
屏東縣潮州鎮,50
屏東縣東港鎮,50
屏東縣恆春鎮,50
屏東縣萬丹鄉,50
屏東縣長治鄉,50
屏東縣麟洛鄉,50
屏東縣九如鄉,50
屏東縣里港鄉,50
屏東縣鹽埔鄉,50
屏東縣高樹鄉,50
屏東縣萬巒鄉,50
屏東縣內埔鄉,50
屏東縣竹田鄉,50
屏東縣新埤鄉,50
屏東縣枋寮鄉,50
屏東縣新園鄉,50
屏東縣崁頂鄉,50
屏東縣林邊鄉,50
屏東縣南州鄉,50
屏東縣佳冬鄉,50
屏東縣琉球鄉,50
屏東縣車城鄉,50
屏東縣滿州鄉,50
屏東縣枋山鄉,50
屏東縣三地門鄉,50
屏東縣霧台鄉,50
屏東縣瑪家鄉,50
屏東縣泰武鄉,50
屏東縣來義鄉,50
屏東縣春日鄉,50
屏東縣獅子鄉,50
屏東縣牡丹鄉,50
澎湖縣馬公市,50
澎湖縣湖西鄉,50
澎湖縣白沙鄉,50
澎湖縣西嶼鄉,50
澎湖縣望安鄉,50
澎湖縣七美鄉,50
金門縣金城鎮,50
金門縣金湖鎮,50
金門縣金沙鎮,50
金門縣金寧鄉,50
金門縣烈嶼鄉,50
金門縣烏坵鄉,50
連江縣南竿鄉,50
連江縣北竿鄉,50
連江縣莒光鄉,50
連江縣東引鄉,50